INSERT INTO public.hall
(id, "name")
VALUES(1, 'Большой зал');
INSERT INTO public.hall
(id, "name")
VALUES(2, 'Малый зал');



INSERT INTO public.genre
(id, "name")
VALUES(1, 'Ужасы');
INSERT INTO public.genre
(id, "name")
VALUES(2, 'Боевик');
INSERT INTO public.genre
(id, "name")
VALUES(3, 'Комедия');
INSERT INTO public.genre
(id, "name")
VALUES(4, 'Трилер');
INSERT INTO public.genre
(id, "name")
VALUES(5, 'Драмма');
INSERT INTO public.genre
(id, "name")
VALUES(6, 'Фантастика');


INSERT INTO public.genre
(id, "name")
VALUES(1, 'Ужасы');
INSERT INTO public.genre
(id, "name")
VALUES(2, 'Боевик');
INSERT INTO public.genre
(id, "name")
VALUES(3, 'Комедия');
INSERT INTO public.genre
(id, "name")
VALUES(4, 'Трилер');
INSERT INTO public.genre
(id, "name")
VALUES(5, 'Драмма');
INSERT INTO public.genre
(id, "name")
VALUES(6, 'Фантастика');


INSERT INTO public.film_seance
(id, "date", "time", price, film_id, hall_id)
VALUES(1, '2024-03-15', '10:00:00', 200, 1, 2);
INSERT INTO public.film_seance
(id, "date", "time", price, film_id, hall_id)
VALUES(2, '2024-03-15', '10:00:00', 250, 1, 1);
INSERT INTO public.film_seance
(id, "date", "time", price, film_id, hall_id)
VALUES(3, '2024-03-15', '12:30:00', 300, 2, 2);
INSERT INTO public.film_seance
(id, "date", "time", price, film_id, hall_id)
VALUES(4, '2024-03-15', '12:30:00', 350, 2, 1);
INSERT INTO public.film_seance
(id, "date", "time", price, film_id, hall_id)
VALUES(5, '2024-03-15', '15:00:00', 350, 1, 2);
INSERT INTO public.film_seance
(id, "date", "time", price, film_id, hall_id)
VALUES(6, '2024-03-15', '15:00:00', 350, 1, 1);
INSERT INTO public.film_seance
(id, "date", "time", price, film_id, hall_id)
VALUES(7, '2024-03-15', '17:00:00', 350, 2, 2);
INSERT INTO public.film_seance
(id, "date", "time", price, film_id, hall_id)
VALUES(8, '2024-03-15', '17:00:00', 400, 2, 1);
INSERT INTO public.film_seance
(id, "date", "time", price, film_id, hall_id)
VALUES(9, '2024-03-15', '20:15:00', 400, 3, 2);
INSERT INTO public.film_seance
(id, "date", "time", price, film_id, hall_id)
VALUES(10, '2024-03-15', '20:30:00', 400, 3, 1);
INSERT INTO public.film_seance
(id, "date", "time", price, film_id, hall_id)
VALUES(11, '2024-03-15', '23:00:00', 350, 4, 2);
INSERT INTO public.film_seance
(id, "date", "time", price, film_id, hall_id)
VALUES(12, '2024-03-15', '23:10:00', 400, 4, 1);
INSERT INTO public.film_seance
(id, "date", "time", price, film_id, hall_id)
VALUES(13, '2024-03-15', '11:00:00', 100, 5, 2);
